序号,选题标题,分类,适合平台,优先级,状态,预估互动,备注
1,什么是一人公司？为什么是未来趋势？,入门认知,小红书/知乎,高,待创作,高,
2,超级个体 vs 自由职业者 vs 创业者，有什么区别？,入门认知,公众号,高,待创作,中,
3,如何判断自己是否适合一人公司？,入门认知,小红书,高,待创作,高,
4,从0开始一人公司，需要准备多少钱？,入门认知,小红书/知乎,中,待创作,高,
5,一人公司的5种商业模式详解,入门认知,公众号,高,待创作,中,
6,辞职前必须想清楚的5个问题,入门认知,小红书,高,待创作,高,
7,一人公司的法律风险和避坑指南,入门认知,公众号,中,待创作,中,
8,如何给自己发工资？社保怎么处理？,入门认知,小红书,中,待创作,中,
9,一人公司需要注册公司吗？个体户 vs 公司,入门认知,小红书,中,待创作,中,
10,从副业到全职：什么时候该辞职？,入门认知,小红书/公众号,高,待创作,高,
11,如何把自己的技能包装成产品？,技能变现,小红书/公众号,高,待创作,高,
12,技能变现的3个层级：时间→产品→资产,技能变现,公众号,高,待创作,中,
13,没有特长的人如何找到变现方向？,技能变现,小红书,高,待创作,高,
14,设计、写作、编程：不同技能的变现路径,技能变现,小红书,中,待创作,中,
15,如何定价？小时费率 vs 项目制 vs 订阅制,技能变现,小红书/公众号,高,待创作,高,
16,第一个客户怎么来？冷启动获客方法,技能变现,小红书,高,待创作,高,
17,如何提高客单价？从几百到几万的升级路径,技能变现,公众号,中,待创作,中,
18,被动收入打造：睡后收入的5种方式,技能变现,公众号,中,待创作,中,
19,知识付费产品设计：从免费到高客单,技能变现,小红书/公众号,高,待创作,高,
20,咨询业务如何开展？从0到月入3万,技能变现,小红书/公众号,中,待创作,中,
21,为什么一人公司必须做个人品牌？,个人品牌,公众号,高,待创作,高,
22,个人IP定位：找到你的差异化标签,个人品牌,小红书,高,待创作,高,
23,从0到1万粉丝：冷启动涨粉策略,个人品牌,小红书,高,待创作,高,
24,内容矩阵搭建：一文多发的正确姿势,个人品牌,小红书,高,待创作,高,
25,如何写出爆款？标题+封面+开头的公式,个人品牌,小红书,高,待创作,高,
26,各平台算法解析：小红书/抖音/公众号,个人品牌,小红书/知乎,中,待创作,中,
27,私域运营：从公域引流到微信成交,个人品牌,公众号,高,待创作,高,
28,人设打造：让观众记住你的3个技巧,个人品牌,小红书,中,待创作,中,
29,如何处理负面评价和网暴？,个人品牌,小红书,低,待创作,中,
30,个人品牌的长期主义：持续输出的秘密,个人品牌,公众号,中,待创作,中,
31,一人公司必备工具清单（免费+付费）,效率工具,小红书,高,待创作,高,
32,AI工具提效：ChatGPT/Claude/Midjourney使用指南,效率工具,小红书,高,待创作,高,
33,自动化工作流：让机器帮你干活,效率工具,公众号,中,待创作,中,
34,时间管理：自由职业者的时间块方法,效率工具,小红书,中,待创作,中,
35,项目管理：一个人如何管理多个项目？,效率工具,小红书,中,待创作,中,
36,财务管理：收入支出追踪和税务规划,效率工具,小红书,中,待创作,中,
37,知识管理：构建个人第二大脑,效率工具,公众号,中,待创作,中,
38,客户关系管理：不用CRM也能维护好客户,效率工具,小红书,中,待创作,中,
39,自由职业者的孤独感怎么破？,心态成长,小红书,中,待创作,中,
40,收入不稳定如何克服焦虑？,心态成长,小红书,中,待创作,中,
41,自律自由职业者的一天是怎么过的？,心态成长,小红书/视频号,中,待创作,中,
42,如何平衡工作与生活？避免 burnout,心态成长,小红书,中,待创作,中,
43,一人公司的天花板在哪里？如何突破？,心态成长,公众号,低,待创作,低,
44,从失败中学习：我踩过的10个坑,心态成长,小红书,中,待创作,中,
45,长期主义：为什么慢就是快？,心态成长,公众号,低,待创作,低,
46,拆解：年入百万的自由设计师是如何做到的？,案例拆解,小红书/公众号,高,待创作,高,
47,拆解：从0到10万粉丝的自媒体博主路径,案例拆解,小红书/公众号,高,待创作,高,
48,拆解：一人公司的典型收入结构分析,案例拆解,公众号,中,待创作,中,
49,拆解：成功转型一人公司的5个真实案例,案例拆解,小红书/公众号,高,待创作,高,
50,拆解：那些失败的一人公司做对了什么？,案例拆解,小红书/公众号,中,待创作,中,
